id,name,model_id:id,group_id:id,perm_read,perm_write,perm_create,perm_unlink
access_dental_patient_receptionist,dental.patient.receptionist,model_dental_patient,smartdesk_dental_management.group_dental_user,1,1,1,0
access_dental_patient_dentist,dental.patient.dentist,model_dental_patient,smartdesk_dental_management.group_dental_dentist,1,1,1,0
access_dental_patient_manager,dental.patient.manager,model_dental_patient,smartdesk_dental_management.group_dental_manager,1,1,1,1
access_dental_dentist_receptionist,dental.dentist.receptionist,model_dental_dentist,smartdesk_dental_management.group_dental_user,1,0,0,0
access_dental_dentist_dentist,dental.dentist.dentist,model_dental_dentist,smartdesk_dental_management.group_dental_dentist,1,0,0,0
access_dental_dentist_manager,dental.dentist.manager,model_dental_dentist,smartdesk_dental_management.group_dental_manager,1,1,1,1
access_dental_room_receptionist,dental.room.receptionist,model_dental_room,smartdesk_dental_management.group_dental_user,1,0,0,0
access_dental_room_dentist,dental.room.dentist,model_dental_room,smartdesk_dental_management.group_dental_dentist,1,0,0,0
access_dental_room_manager,dental.room.manager,model_dental_room,smartdesk_dental_management.group_dental_manager,1,1,1,1
access_dental_procedure_receptionist,dental.procedure.receptionist,model_dental_procedure,smartdesk_dental_management.group_dental_user,1,0,0,0
access_dental_procedure_dentist,dental.procedure.dentist,model_dental_procedure,smartdesk_dental_management.group_dental_dentist,1,0,0,0
access_dental_procedure_manager,dental.procedure.manager,model_dental_procedure,smartdesk_dental_management.group_dental_manager,1,1,1,1
access_dental_medicine_receptionist,dental.medicine.receptionist,model_dental_medicine,smartdesk_dental_management.group_dental_user,1,0,0,0
access_dental_medicine_dentist,dental.medicine.dentist,model_dental_medicine,smartdesk_dental_management.group_dental_dentist,1,1,1,0
access_dental_medicine_manager,dental.medicine.manager,model_dental_medicine,smartdesk_dental_management.group_dental_manager,1,1,1,1
access_dental_medical_condition_receptionist,dental.medical_condition.receptionist,model_dental_medical_condition,smartdesk_dental_management.group_dental_user,1,0,0,0
access_dental_medical_condition_dentist,dental.medical_condition.dentist,model_dental_medical_condition,smartdesk_dental_management.group_dental_dentist,1,1,1,0
access_dental_medical_condition_manager,dental.medical_condition.manager,model_dental_medical_condition,smartdesk_dental_management.group_dental_manager,1,1,1,1
access_dental_appointment_receptionist,dental.appointment.receptionist,model_dental_appointment,smartdesk_dental_management.group_dental_user,1,1,1,1
access_dental_appointment_dentist,dental.appointment.dentist,model_dental_appointment,smartdesk_dental_management.group_dental_dentist,1,1,1,1
access_dental_appointment_manager,dental.appointment.manager,model_dental_appointment,smartdesk_dental_management.group_dental_manager,1,1,1,1
access_dental_treatment_receptionist,dental.treatment.receptionist,model_dental_treatment,smartdesk_dental_management.group_dental_user,1,1,0,0
access_dental_treatment_dentist,dental.treatment.dentist,model_dental_treatment,smartdesk_dental_management.group_dental_dentist,1,1,1,0
access_dental_treatment_manager,dental.treatment.manager,model_dental_treatment,smartdesk_dental_management.group_dental_manager,1,1,1,1
access_dental_treatment_line_receptionist,dental.treatment_line.receptionist,model_dental_treatment_line,smartdesk_dental_management.group_dental_user,1,1,0,0
access_dental_treatment_line_dentist,dental.treatment_line.dentist,model_dental_treatment_line,smartdesk_dental_management.group_dental_dentist,1,1,1,1
access_dental_treatment_line_manager,dental.treatment_line.manager,model_dental_treatment_line,smartdesk_dental_management.group_dental_manager,1,1,1,1
access_dental_treatment_plan_receptionist,dental.treatment_plan.receptionist,model_dental_treatment_plan,smartdesk_dental_management.group_dental_user,1,0,0,0
access_dental_treatment_plan_dentist,dental.treatment_plan.dentist,model_dental_treatment_plan,smartdesk_dental_management.group_dental_dentist,1,1,1,0
access_dental_treatment_plan_manager,dental.treatment_plan.manager,model_dental_treatment_plan,smartdesk_dental_management.group_dental_manager,1,1,1,1
access_dental_plan_line_receptionist,dental.plan_line.receptionist,model_dental_plan_line,smartdesk_dental_management.group_dental_user,1,0,0,0
access_dental_plan_line_dentist,dental.plan_line.dentist,model_dental_plan_line,smartdesk_dental_management.group_dental_dentist,1,1,1,1
access_dental_plan_line_manager,dental.plan_line.manager,model_dental_plan_line,smartdesk_dental_management.group_dental_manager,1,1,1,1
access_dental_prescription_receptionist,dental.prescription.receptionist,model_dental_prescription,smartdesk_dental_management.group_dental_user,1,0,0,0
access_dental_prescription_dentist,dental.prescription.dentist,model_dental_prescription,smartdesk_dental_management.group_dental_dentist,1,1,1,0
access_dental_prescription_manager,dental.prescription.manager,model_dental_prescription,smartdesk_dental_management.group_dental_manager,1,1,1,1
access_dental_prescription_line_receptionist,dental.prescription_line.receptionist,model_dental_prescription_line,smartdesk_dental_management.group_dental_user,1,0,0,0
access_dental_prescription_line_dentist,dental.prescription_line.dentist,model_dental_prescription_line,smartdesk_dental_management.group_dental_dentist,1,1,1,1
access_dental_prescription_line_manager,dental.prescription_line.manager,model_dental_prescription_line,smartdesk_dental_management.group_dental_manager,1,1,1,1
access_dental_tooth_line_receptionist,dental.tooth_line.receptionist,model_dental_tooth_line,smartdesk_dental_management.group_dental_user,1,0,0,0
access_dental_tooth_line_dentist,dental.tooth_line.dentist,model_dental_tooth_line,smartdesk_dental_management.group_dental_dentist,1,1,1,1
access_dental_tooth_line_manager,dental.tooth_line.manager,model_dental_tooth_line,smartdesk_dental_management.group_dental_manager,1,1,1,1
access_dental_xray_receptionist,dental.xray.receptionist,model_dental_xray,smartdesk_dental_management.group_dental_user,1,0,0,0
access_dental_xray_dentist,dental.xray.dentist,model_dental_xray,smartdesk_dental_management.group_dental_dentist,1,1,1,0
access_dental_xray_manager,dental.xray.manager,model_dental_xray,smartdesk_dental_management.group_dental_manager,1,1,1,1
access_dental_lab_order_receptionist,dental.lab_order.receptionist,model_dental_lab_order,smartdesk_dental_management.group_dental_user,1,0,0,0
access_dental_lab_order_dentist,dental.lab_order.dentist,model_dental_lab_order,smartdesk_dental_management.group_dental_dentist,1,1,1,0
access_dental_lab_order_manager,dental.lab_order.manager,model_dental_lab_order,smartdesk_dental_management.group_dental_manager,1,1,1,1
